predicted,observed,n
0.004021444125233144,0.003322336593497546,85783
0.07261997552471676,0.08176369863013698,4672
0.12362468469726348,0.12609280430396771,2974
0.1741239082510177,0.18288669487541137,2127
0.22430984359459394,0.2296340023612751,1694
0.2743157459361852,0.28782547501759326,1421
0.3246570986539539,0.3552036199095023,1326
0.3750031027944897,0.38042553191489364,1175
0.4240527033257885,0.42311459353574926,1021
0.47459088056960935,0.49069539666993145,1021
0.5250684430667955,0.5140712945590994,1066
0.5752036533518413,0.5674373795761078,1038
0.6256511649587941,0.6165137614678899,1090
0.6750037348011985,0.6796036333608588,1211
0.7259561545727804,0.7226162332545312,1269
0.7754939008618662,0.7704502219403931,1577
0.8265563734667722,0.8048090523338048,2121
0.8768762654396027,0.8752727272727273,2750
0.927596787381699,0.9292420425921686,4367
0.9896242479685673,0.9928741891028873,29751
