catcher_id,catcher,called,shadow,stolen,lost,frame_score,strikes_added,shadow_strikes_added,expected_shadow_strikes,shadow_strikes,frame_score_100,stolen_rate,lost_rate,strikes_added_100,framing_runs,qualified,grade,model_grade,rank
645305,Ali Sánchez,2773,1027,122,54,88.40529572695708,49.26294842731917,47.88747104913178,467.11252895086824,515,8.608110586850739,0.11879259980525804,0.05258033106134372,4.662850150840485,6.157868553414896,True,80,76,1.0
691740,Daniel Susac,3136,1182,106,41,89.85785475884903,37.10815980626925,34.93499101262124,558.0650089873787,593,7.602187373845095,0.08967851099830795,0.03468697123519458,2.955582995991645,4.638519975783656,True,76,67,2.0
678218,Brandon Valenzuela,5371,1887,207,103,137.21267817776055,64.94158126592313,60.07414903644486,871.9258509635551,932,7.2714720814923455,0.10969793322734499,0.054583995760466346,3.1835797051640093,8.117697658240392,True,75,68,3.0
641555,J.C. Escarra,3718,1366,135,76,77.63760452797334,50.80206935433782,47.742771110497245,617.2572288895028,665,5.683572805854563,0.09882869692532943,0.055636896046852125,3.4950784121886707,6.350258669292227,True,70,70,4.0
691011,Drew Romo,4419,1560,135,79,71.97166411691947,25.921966020970302,23.10957987211203,704.890420127888,728,4.6135682126230435,0.08653846153846154,0.05064102564102564,1.4813833251353865,3.240245752621288,True,67,59,5.0
672275,Patrick Bailey,16087,6069,597,400,278.8671461355212,214.00345644333956,209.12411067465146,2701.8758893253485,2911,4.594943913915326,0.09836875926841325,0.06590871642774757,3.4457754271651253,26.750432055417445,True,66,69,6.0
672386,Alejandro Kirk,13846,5127,509,342,218.34126904074876,182.38178083307972,175.28478786012255,2294.7152121398776,2470,4.258655530344232,0.09927833040764579,0.06670567583382095,3.4188567946191255,22.797722604134965,True,65,69,7.0
623168,Tyler Heineman,7954,2904,266,184,99.54860844289693,78.75693349994748,73.08353997941306,1322.916460020587,1396,3.427982384397277,0.09159779614325068,0.06336088154269973,2.5166508257373645,9.844616687493435,True,63,64,8.0
571912,Luke Maile,2292,851,81,61,26.37055259895193,30.49320800841257,23.747112650071642,373.25288734992836,397,3.0987723383022248,0.09518213866039953,0.07168037602820211,2.790495023510181,3.811651001051571,True,62,66,9.0
620443,Luis Torrens,11262,4194,403,315,125.39266941234489,75.67651333204813,72.6111097097246,1821.3888902902754,1894,2.9898109063506175,0.0960896518836433,0.07510729613733906,1.731309244390191,9.459564166506016,True,61,60,10.0
691788,Joe Mack,6616,2422,160,106,70.84511309705779,53.22938342690741,52.47356346365575,1152.5264365363444,1205,2.9250666018603546,0.06606110652353427,0.04376548307184145,2.166538541026249,6.653672928363426,True,61,62,11.0
686452,Drew Millas,4529,1671,154,117,47.870088667459555,40.49997768117554,33.87417070643649,766.1258292935635,800,2.864756951972445,0.0921603830041891,0.07001795332136446,2.0271795754899156,5.062497210146942,True,61,62,12.0
669224,Austin Wells,16719,6225,585,461,163.0990573309886,153.87655480529395,149.96455558599328,2779.0354444140066,2929,2.6200651780078488,0.09397590361445783,0.0740562248995984,2.4090691660400525,19.234569350661744,True,60,64,13.0
595978,Austin Hedges,9311,3441,282,218,88.17678081294868,88.22553809435782,85.90801945098099,1592.091980549019,1678,2.5625335894492496,0.08195292066259809,0.06335367625690207,2.4966003909032546,11.028192261794727,True,60,64,14.0
804668,Rafael Flores Jr.,2383,847,69,56,21.176186921898296,11.608397184173008,11.921250437126599,405.0787495628734,417,2.5001401324555252,0.08146399055489964,0.06611570247933884,1.4074675840763398,1.451049648021626,True,60,58,15.0
695600,Carter Jensen,8144,3061,259,204,72.60803591940333,28.121912687768095,23.97470620178782,1430.0252937982123,1454,2.3720364560406186,0.08461287161058477,0.06664488729173473,0.7832311728777466,3.515239085971012,True,59,55,16.0
693307,Dillon Dingler,16908,6442,565,453,147.29543101198618,139.84748949837868,129.29550197863907,2875.704498021361,3005,2.286486044892676,0.08770568146538342,0.07031977646693574,2.007070816185021,17.480936187297335,True,59,62,17.0
668939,Adley Rutschman,10674,3935,364,306,84.40252483271819,49.53241974443377,45.95543313845285,1739.044566861547,1785,2.144918038950907,0.09250317662007623,0.07776365946632782,1.1678636121589032,6.191552468054221,True,59,57,18.0
672515,Gabriel Moreno,12456,4609,388,325,93.5931253498108,65.87983271843845,61.65194964677036,2055.3480503532296,2117,2.0306601290911432,0.08418311998264266,0.07051421132566717,1.3376426480097714,8.234979089804806,True,58,58,19.0
682848,Endy Rodríguez,2989,1076,85,75,17.860043333957357,-2.678021123602942,-1.729804656472571,465.7298046564726,464,1.6598553284346986,0.07899628252788105,0.06970260223048327,-0.16076251454206053,-0.33475264045036773,True,57,50,20.0
676439,Hunter Feduccia,6882,2619,202,182,39.17916251414714,31.195445371615786,29.677685515153843,1183.3223144848462,1213,1.4959588588830521,0.07712867506681939,0.06949217258495609,1.133168595462155,3.8994306714519733,True,56,57,21.0
699625,Jimmy Crooks,3643,1327,118,103,17.329356666194503,11.982223511377242,9.855729243960528,633.1442707560394,643,1.3059047977539189,0.08892238131122833,0.07761868877166542,0.7427075541793917,1.4977779389221553,True,56,55,22.0
669134,Luis Campusano,3941,1386,100,90,17.88253526871081,-10.746399474523377,-13.945983852758557,652.9459838527586,639,1.2902262098636947,0.07215007215007214,0.06493506493506493,-1.0062037411802711,-1.3432999343154222,True,56,45,23.0
695670,Harry Ford,2493,861,67,60,10.524622835842099,10.94681663090358,10.737799309299675,396.2622006907003,407,1.2223719902255632,0.07781649245063879,0.06968641114982578,1.2471311625202874,1.3683520788629475,True,55,57,24.0
665804,Miguel Amaya,6630,2467,183,171,25.413087038583406,15.779586666961727,16.347391240312913,1151.6526087596872,1168,1.030121079796652,0.07417916497770571,0.06931495743818403,0.662642531022007,1.9724483333702159,True,55,54,25.0
605170,Victor Caratini,9296,3518,277,263,32.39787277199566,18.267688725522678,15.679649644217426,1596.3203503557825,1612,0.920917361341548,0.07873791927231381,0.07475838544627629,0.4456978295684316,2.2834610906903348,True,55,53,26.0
663584,Hayden Senger,2245,839,82,81,2.5378725376095863,7.378160602832652,5.150751515934695,384.8492484840653,390,0.3024877875577576,0.09773539928486293,0.09654350417163289,0.6139155561304762,0.9222700753540815,True,52,54,27.0
664954,Brett Sullivan,4684,1735,111,108,3.419074841570672,-22.4694964090258,-24.637713644655605,800.6377136446556,776,0.1970648323671857,0.06397694524495677,0.0622478386167147,-1.4200411322568072,-2.808687051128225,True,52,43,28.0
686780,Pedro Pagés,12516,4744,422,421,8.873366412950146,42.9577479054689,43.6039847923541,2124.396015207646,2168,0.18704398003689177,0.08895446880269814,0.08874367622259696,0.9191396457072954,5.369718488183612,True,52,56,29.0
689414,Liam Hicks,8284,3041,238,237,4.730155596357411,23.274665567233832,16.587039737154406,1366.4129602628457,1383,0.1555460570982378,0.07826372903650115,0.07793488983886879,0.5454468838261889,2.909333195904229,True,52,54,30.0
665966,Carlos Narváez,13968,5329,431,432,7.815013978398577,25.531626456207242,17.51201464576496,2336.487985354235,2354,0.14665066576090405,0.08087821354850816,0.08106586601613812,0.3286172761449608,3.1914533070259052,True,52,52,31.0
696100,Hunter Goodman,14490,5351,395,400,5.443552097640414,10.589397158124125,3.3702744478524846,2425.6297255521476,2429,0.10172962245637104,0.07381797794804709,0.07475238273219958,0.0629840113596054,1.3236746447655157,True,52,51,32.0
543877,Christian Vázquez,10025,3734,277,283,2.031977473559508,5.3913795087004095,4.061728881889357,1665.9382711181106,1670,0.054418250497040924,0.0741831815747188,0.07579003749330476,0.10877688489259123,0.6739224385875512,True,52,51,33.0
543309,Kyle Higashioka,7839,3071,233,233,1.4657719018609114,12.533845883659048,12.465380533303883,1343.534619466696,1356,0.047729466032592364,0.07587105177466623,0.07587105177466623,0.4059062368382899,1.566730735457381,True,52,53,34.0
624431,Jose Trevino,9754,3650,296,302,-0.055148673598361286,22.193875428828203,22.726629222445997,1572.273370777554,1595,-0.0015109225643386655,0.08109589041095891,0.08273972602739726,0.6226473759574245,2.7742344286035254,True,52,54,35.0
642851,Austin Wynns,4112,1543,135,142,-4.282975205022966,-9.111518019109363,-6.470642240692367,669.4706422406923,663,-0.27757454342339377,0.08749189889825017,0.09202851587815943,-0.41935464942918776,-1.1389397523886704,True,51,48,36.0
669221,Sean Murphy,7942,3139,242,252,-10.072495018130695,12.08289113271403,9.736123512125316,1378.2638764878748,1388,-0.3208822879302547,0.07709461611978337,0.08028034405861739,0.31016640688516456,1.5103613915892538,True,50,52,37.0
671056,Iván Herrera,4975,1813,127,130,-7.286622896461965,-1.8373027475390078,-2.9639178493836726,844.9639178493836,842,-0.4019097019559826,0.07004964147821291,0.07170435741864313,-0.16348140371669456,-0.22966284344237597,True,50,50,38.0
624512,Reese McGuire,3498,1333,92,100,-5.582395629648753,9.554404883925066,9.157720821892365,580.8422791781077,590,-0.4187843683157354,0.0690172543135784,0.07501875468867217,0.6870008118448886,1.1943006104906333,True,50,54,39.0
665561,Rafael Marchán,4339,1614,129,136,-8.301671514962385,35.96506880597631,28.11132505215174,722.8886749478482,751,-0.5143538732938281,0.07992565055762081,0.08426270136307311,1.7417177851395131,4.4956336007470385,True,50,60,40.0
668670,Jake Rogers,6422,2418,183,195,-13.707021571542196,1.2869158029301837,-5.219197412189098,1087.219197412189,1082,-0.5668743412548468,0.07568238213399504,0.08064516129032258,-0.21584770108308926,0.16086447536627296,True,50,49,41.0
663728,Cal Raleigh,15885,5976,486,525,-34.41827643709395,29.430292369611845,21.553129558583205,2662.4468704414166,2684,-0.5759417074480246,0.08132530120481928,0.08785140562248996,0.3606614718638421,3.6787865462014806,True,50,53,42.0
656577,Alex Jackson,3541,1351,102,112,-10.09462915248823,-5.225898961144039,-7.321136589331083,614.3211365893311,607,-0.7471968284595284,0.07549962990377498,0.08290155440414508,-0.541905002911257,-0.6532373701430049,True,49,48,43.0
680777,Ryan Jeffers,11709,4453,319,348,-35.97681039351867,-4.955381806902252,-2.74871495436516,1976.7487149543651,1974,-0.8079229821136014,0.07163709858522345,0.07814956209297103,-0.06172726149483854,-0.6194227258627815,True,49,50,44.0
668800,Andrew Knizner,3772,1392,115,126,-11.809405777653136,-2.770503175423689,-6.216333316582232,622.2163333165822,616,-0.8483768518428978,0.08261494252873564,0.09051724137931035,-0.4465756692947006,-0.34631289692796113,True,49,48,45.0
608348,Carson Kelly,13927,5388,396,437,-47.39864610498923,-20.262954664518446,-26.729586885391797,2411.7295868853917,2385,-0.8797076114511735,0.07349665924276169,0.08110616184112843,-0.4960947825796547,-2.5328693330648058,True,49,48,46.0
686948,Drake Baldwin,12096,4549,321,359,-42.538364645942934,2.91854225191561,-2.4898556847314444,2016.4898556847315,2014,-0.9351146327971629,0.07056495933172126,0.07891844361398109,-0.05473413244078796,0.36481778148945126,True,48,50,47.0
701852,Drew Cavanaugh,3289,1223,76,87,-12.799418660269387,-43.312897313611074,-43.05957404255024,564.0595740425503,521,-1.0465591709132778,0.06214227309893704,0.07113654946852004,-3.520815539047444,-5.414112164201384,True,48,31,48.0
680779,Henry Davis,11927,4532,306,357,-48.219099676926646,15.305827340849984,12.735800929414363,2021.2641990705856,2034,-1.0639695427388933,0.06751985878199471,0.07877316857899382,0.2810194379835473,1.913228417606248,True,48,52,49.0
606992,Eric Haase,3383,1268,86,100,-13.675134278357241,-15.909847185406084,-16.113809206205858,568.1138092062058,552,-1.078480621321549,0.06782334384858044,0.07886435331230283,-1.2708051424452569,-1.9887308981757605,True,48,44,50.0
682626,Francisco Alvarez,11534,4195,321,360,-45.81067982779896,-4.279333934968661,-4.1753003391124635,1865.1753003391125,1861,-1.092030508409987,0.07651966626936829,0.08581644815256258,-0.09953040140911712,-0.5349167418710826,True,48,50,51.0
663743,Nick Fortes,10706,4034,266,305,-45.054405650122305,13.106484964375166,12.439124900122263,1847.5608750998776,1860,-1.1168667736768048,0.06593951412989589,0.07560733763014378,0.3083570872613352,1.6383106205468958,True,48,52,52.0
641680,Jonah Heim,12252,4644,335,384,-51.90122935924895,-14.264117065151357,-22.029501896851574,2043.0295018968516,2021,-1.1175975314222428,0.07213608957795005,0.082687338501292,-0.47436481259370317,-1.7830146331439196,True,48,48,53.0
666023,Freddy Fermin,12508,4734,362,409,-53.328424767813786,-6.8737266376929576,-1.8608420781132358,2142.8608420781134,2141,-1.1264981995735908,0.07646810308407266,0.08639628221377271,-0.039308028688492515,-0.8592158297116197,True,48,50,54.0
553869,Elias Díaz,10087,3818,299,340,-45.84219127483023,14.890255882796207,10.696346917869398,1647.3036530821305,1658,-1.20068599462625,0.0783132530120482,0.08905185961236249,0.2801557600280094,1.861281985349526,True,48,52,55.0
666163,Ben Rortvedt,3484,1359,113,128,-20.348751436135355,-2.788351703757322,-0.9714746785548911,561.9714746785548,561,-1.497332703174051,0.08314937454010302,0.094186902133922,-0.07148452380830693,-0.3485439629696653,True,47,50,56.0
661388,William Contreras,18653,7197,510,604,-110.79457462885706,-10.028782904043007,-9.943933573942545,3289.9439335739426,3280,-1.5394549760852725,0.07086285952480201,0.08392385716270669,-0.1381677584263241,-1.253597863005376,True,46,50,57.0
669127,Shea Langeliers,14365,5338,415,483,-83.19610892488296,-49.31918071395022,-59.587996280582324,2314.5879962805825,2255,-1.5585632994545326,0.0777444735856126,0.0904833270887973,-1.116298169362726,-6.164897589243777,True,46,45,58.0
640902,Jhonny Pereda,3740,1427,102,120,-24.141683638563865,-11.061972886502826,-14.994969175019369,639.9949691750194,625,-1.6917788113920016,0.07147862648913805,0.08409250175192712,-1.0508037263503411,-1.3827466108128532,True,46,45,59.0
543510,James McCann,5682,2190,156,181,-37.22575180895117,-44.604700185814885,-40.13701673640454,984.1370167364046,944,-1.6998060186735695,0.07123287671232877,0.08264840182648402,-1.8327404902467825,-5.575587523226861,True,46,41,60.0
660688,Keibert Ruiz,12044,4521,321,388,-80.02729046632608,-43.74953272343224,-41.8418267981932,2059.8418267981933,2018,-1.770123655525903,0.0710019907100199,0.08582172085821721,-0.9254993762042293,-5.46869159042903,True,46,46,61.0
673237,Yainer Diaz,14636,5617,410,496,-107.11362128856345,-71.53709382070372,-72.00770727869798,2476.007707278698,2404,-1.9069542689792318,0.072992700729927,0.08830336478547267,-1.281960250644436,-8.942136727587965,True,45,44,62.0
691019,Kyle Teel,7106,2701,205,249,-51.784429545877536,0.4285634942715759,1.9160460638798646,1152.0839539361202,1154,-1.9172317491994646,0.07589781562384303,0.09218807848944835,0.07093839555275322,0.05357043678394699,True,45,51,63.0
592663,J.T. Realmuto,18750,7185,521,649,-156.9131437336441,-46.3657851474623,-55.04087502324242,3207.0408750232423,3152,-2.183899008123091,0.07251217814892136,0.09032707028531663,-0.7660525403374032,-5.795723143432787,True,44,46,64.0
663886,Tyler Stephenson,13529,5172,346,441,-122.19204667856724,-102.37874445684066,-102.66459189615792,2330.664591896158,2228,-2.362568574604935,0.06689868522815158,0.08526682134570766,-1.985007577265234,-12.797343057105083,True,44,40,65.0
663698,Joey Bart,8406,3291,246,317,-81.36889428594151,-41.040844069263805,-35.088825467374456,1441.0888254673744,1406,-2.472467161529672,0.07474931631722881,0.09632330598602248,-1.0662055748214663,-5.130105508657976,True,43,45,66.0
650968,Yohel Pozo,3577,1359,95,124,-33.7763041781672,-9.184451407488533,-12.725823314701886,598.7258233147019,586,-2.485379262558293,0.06990434142752024,0.09124356144223694,-0.9364108399339136,-1.1480564259360666,True,43,46,67.0
596142,Gary Sánchez,4473,1646,96,132,-44.0375382933983,-14.146487289591306,-23.63418282743901,744.634182827439,721,-2.6754275998419383,0.0583232077764277,0.08019441069258809,-1.435855578823755,-1.7683109111989133,True,43,43,68.0
682663,Agustín Ramírez,6969,2647,179,230,-74.79062649957712,-14.232840963002886,-18.637827875419692,1203.6378278754196,1185,-2.8254864563497213,0.06762372497166604,0.08689081979599547,-0.7041113666573363,-1.7791051203753607,True,42,47,69.0
645444,Jose Herrera,4236,1636,122,159,-48.157863279938546,-11.054637882456273,-12.075704056833777,680.0757040568337,668,-2.9436346748128694,0.0745721271393643,0.09718826405867971,-0.7381237198553653,-1.3818297353070341,True,42,47,70.0
657136,Connor Wong,8291,3235,215,300,-99.5147955660292,-57.59125759426806,-55.773456255609915,1423.77345625561,1368,-3.0761915167242413,0.06646058732612056,0.09273570324574962,-1.724063562770013,-7.198907199283507,True,41,41,71.0
666310,Bo Naylor,10401,4049,310,415,-128.12844909219572,-37.15425060504988,-46.77975893879708,1772.7797589387972,1726,-3.1644467545615145,0.07656211410224747,0.10249444307236355,-1.1553410456605848,-4.644281325631235,True,41,44,72.0
687221,Dalton Rushing,6560,2411,155,220,-83.46275131136754,-62.41635024426573,-63.6004206825486,1086.6004206825487,1023,-3.4617482916369777,0.06428867689755288,0.09124844462878473,-2.637927029554069,-7.802043780533216,True,40,36,73.0
694212,Samuel Basallo,5775,2101,139,197,-75.6183884480165,-69.77640001073567,-72.51818362591246,991.5181836259125,919,-3.5991617538322944,0.06615897191813422,0.09376487386958592,-3.4516032187488084,-8.722050001341959,True,40,32,74.0
681351,Logan O'Hoppe,13133,5024,352,502,-186.06970245419393,-130.3525568139143,-135.099464428956,2232.099464428956,2097,-3.70361668897679,0.07006369426751592,0.0999203821656051,-2.6890816964362263,-16.294069601739288,True,39,36,75.0
518595,Travis d'Arnaud,5978,2308,160,226,-89.04322894700852,-64.9896038353225,-63.32452240402627,1037.3245224040263,974,-3.8580255176346845,0.06932409012131716,0.09792027729636049,-2.7436968112663025,-8.123700479415312,True,39,36,76.0
690924,Braxton Fulford,3135,1218,76,117,-48.58024402822901,-35.91250913735512,-39.54071864335184,518.5407186433519,479,-3.9885257822848117,0.06239737274220033,0.0960591133004926,-3.2463644206364397,-4.48906364216939,True,39,33,77.0
641598,Mitch Garver,5245,1994,121,180,-79.78668255878594,-38.82358837077788,-41.73857065825551,868.7385706582555,827,-4.0013381423663965,0.06068204613841525,0.09027081243731194,-2.0932081573849306,-4.852948546347235,True,38,39,78.0
455117,Martín Maldonado,3662,1394,97,147,-59.98087492225961,-16.337165367042367,-18.963281962778463,594.9632819627784,576,-4.302788731869413,0.06958393113342898,0.1054519368723099,-1.3603502125379099,-2.042145670880296,True,37,43,79.0
521692,Salvador Perez,9928,3840,241,379,-176.7428084790942,-88.37578021479099,-84.68200907942067,1667.6820090794206,1583,-4.602677304143078,0.06276041666666667,0.09869791666666666,-2.205260653109913,-11.046972526848874,True,37,39,80.0
669257,Will Smith,11846,4517,291,462,-214.48521746362488,-81.7733116911822,-86.33997910011446,2033.3399791001145,1947,-4.748399766739537,0.06442328979411113,0.10228027451848572,-1.9114451870735991,-10.221663961397775,True,36,40,81.0
680862,Willie MacIver,2175,824,56,88,-40.598249395576076,-21.90740289815683,-20.911084334899133,350.91108433489916,330,-4.926972014026223,0.06796116504854369,0.10679611650485436,-2.537752953264458,-2.7384253622696035,True,35,37,82.0
642136,Matt Thaiss,3413,1286,90,140,-63.82169857587554,-30.32714178962795,-35.90512760587524,526.9051276058752,491,-4.962807043225158,0.06998444790046657,0.1088646967340591,-2.7920005914366444,-3.790892723703494,True,35,35,83.0
643376,Danny Jansen,10306,3931,242,398,-207.16926017199242,-107.88578110967723,-112.97663894194599,1741.976638941946,1629,-5.270141444212476,0.0615619435258204,0.10124650216229968,-2.873992341438463,-13.485722638709653,True,34,35,84.0
607732,Jacob Stallings,2711,1055,76,117,-58.20733457214771,-18.124593010367896,-19.863715686730192,462.8637156867302,443,-5.517282897833907,0.07203791469194312,0.11090047393364928,-1.8828166527706345,-2.265574126295987,True,34,40,85.0
700337,Edgar Quero,8950,3409,179,333,-194.87041078342918,-124.69706919311358,-127.05548002113716,1526.055480021137,1399,-5.716351152344652,0.05250806688178351,0.09768260486946319,-3.7270601355569712,-15.587133649139197,True,33,30,86.0
656180,Riley Adams,5663,2314,147,296,-195.06466875332308,-95.91492668230059,-94.36238159841788,987.3623815984179,893,-8.42976096600359,0.06352636127917027,0.12791702679343128,-4.077890302438111,-11.989365835287574,True,24,28,87.0
595453,Chad Wallach,15,8,3,0,3.959516856069301,2.161425463500103,2.164699397866242,2.835300602133758,5,49.49396070086626,0.375,0.0,27.058742473328024,0.2701781829375129,False,,,
605244,Aramis Garcia,441,162,20,11,13.841801833508505,9.050485263615007,7.287418042646867,64.71258195735314,72,8.544322119449694,0.12345679012345678,0.06790123456790123,4.498406199164733,1.131310657951876,False,,,
700652,Kenny Piper,264,93,8,4,6.174459350512398,3.093180519009044,3.2009937627964455,40.79900623720356,44,6.639203602701504,0.08602150537634409,0.043010752688172046,3.441928777200479,0.3866475648761305,False,,,
805672,Collin Price,226,80,8,5,5.092149866822927,2.0551561155614326,3.1741377754444113,37.825862224555586,41,6.365187333528659,0.1,0.0625,3.967672219305514,0.2568945144451791,False,,,
672613,Eliezer Alfonzo,651,215,23,11,13.101080295819507,-0.7945043340796132,-0.39691732640102007,107.39691732640102,107,6.093525718985817,0.10697674418604651,0.05116279069767442,-0.1846127099539628,-0.09931304175995165,False,,,
680664,Eduardo Valencia,1310,477,48,27,26.656057765992816,10.422495923611368,10.479714101966323,233.52028589803368,244,5.58827206834231,0.10062893081761007,0.05660377358490566,2.197005052823129,1.302811990451421,False,,,
506702,Sandy León,1354,489,43,24,26.88020686934903,20.996736094508073,21.126405289894596,222.8735947101054,244,5.496974819907777,0.08793456032719836,0.049079754601226995,4.320328280142045,2.624592011813509,False,,,
664731,P.J. Higgins,776,268,25,17,10.647716173443298,5.268760269795513,5.498327314361184,133.50167268563882,139,3.9730284229266037,0.09328358208955224,0.06343283582089553,2.0516146695377553,0.6585950337244392,False,,,
699024,Leo Bernal,1317,428,28,17,16.22902826959814,9.239625825973578,9.686800227474421,212.3131997725256,222,3.791829034952836,0.06542056074766354,0.0397196261682243,2.2632710811856125,1.1549532282466972,False,,,
640459,Brian Navarreto,1720,634,54,42,22.159650658684402,3.813015002413128,4.827325367224314,293.1726746327757,298,3.4952130376473822,0.08517350157728706,0.06624605678233439,0.7614077866284407,0.476626875301641,False,,,
624513,Dom Nuñez,161,62,8,6,1.724008051850603,-0.5710468449593897,-0.4943493848068366,26.494349384806835,26,2.7806581481461334,0.12903225806451613,0.0967741935483871,-0.7973377174303816,-0.07138085561992372,False,,,
621512,Tomás Nido,805,312,26,24,6.5473931763512905,10.533740551220468,10.139418570718792,129.8605814292812,140,2.098523453958747,0.08333333333333333,0.07692307692307693,3.249813644461151,1.3167175689025585,False,,,
596117,Garrett Stubbs,1424,524,38,33,8.77817679392296,-1.9849384249330333,-0.8515050427369483,233.85150504273696,233,1.6752245789929312,0.07251908396946564,0.06297709923664122,-0.16250096235437944,-0.24811730311662916,False,,,
668974,Maverick Handley,1059,386,27,23,6.034461575949319,8.897251691150549,7.8029143391216556,166.19708566087834,174,1.563332014494642,0.06994818652849741,0.05958549222797927,2.02148039873618,1.1121564613938186,False,,,
660710,Rodolfo Durán,2041,761,48,40,11.346767750088208,-2.232535001910949,-2.878695924192651,346.87869592419264,344,1.4910338699196068,0.06307490144546649,0.052562417871222074,-0.37827804522899483,-0.27906687523886864,False,,,
680728,Adrian Del Castillo,1443,533,38,34,6.937760348241469,9.381441008913864,7.207545615600643,248.79245438439935,256,1.3016435925406133,0.07129455909943715,0.06378986866791744,1.3522599654034977,1.172680126114233,False,,,
644433,Chadwick Tromp,1471,559,42,37,6.889221115790431,2.257261371134311,1.6188438843304165,249.38115611566957,251,1.232418804255891,0.07513416815742398,0.06618962432915922,0.28959640149023547,0.2821576713917889,False,,,
694208,Moisés Ballesteros,1779,694,49,45,6.512030813472937,-3.929011681617682,-3.653013549386282,328.6530135493863,325,0.9383329702410572,0.07060518731988473,0.06484149855907781,-0.5263708284418274,-0.49112646020221024,False,,,
806956,Ethan Salas,609,214,15,13,1.8407491650358068,-1.264885848350807,-0.24324975799132942,104.24324975799134,104,0.8601631612316855,0.07009345794392523,0.06074766355140187,-0.1136681112109016,-0.15811073104385087,False,,,
663967,César Salazar,860,315,25,23,2.6154044959114087,10.272682251599946,9.64960484997361,146.3503951500264,156,0.8302871415591774,0.07936507936507936,0.07301587301587302,3.063366619039241,1.2840852814499932,False,,,
681807,David Fry,410,151,9,9,0.6983561457292033,-2.7370749127886533,-2.6796685814439734,69.67966858144398,67,0.4624875137279492,0.059602649006622516,0.059602649006622516,-1.774614954598658,-0.34213436409858167,False,,,
669087,Sam Huff,1820,721,58,57,0.767431322127041,4.034574497904084,2.2063227260647573,324.79367727393526,327,0.106439850503057,0.08044382801664356,0.07905686546463246,0.30600869987028534,0.5043218122380105,False,,,
677943,Will Banfield,792,300,25,25,0.2895299519881256,2.273476179008002,1.159935249446099,135.8400647505539,137,0.09650998399604187,0.08333333333333333,0.08333333333333333,0.38664508314869966,0.2841845223760002,False,,,
665856,Jair Camargo,11,5,0,0,0.0,-0.07826220538008588,-0.08581035728985437,1.0858103572898543,1,0.0,0.0,0.0,-1.7162071457970876,-0.009782775672510735,False,,,
661531,Brian Serven,1706,613,39,39,-1.5444353838225147,-9.870620473129879,-10.743372668616608,292.7433726686166,282,-0.251947044669252,0.0636215334420881,0.0636215334420881,-1.752589342351812,-1.2338275591412349,False,,,
665861,Sebastián Rivero,2163,787,72,74,-6.601794118016063,-2.879335886540262,-1.8327602316376896,362.8327602316377,361,-0.8388556693794235,0.09148665819567979,0.0940279542566709,-0.23287931787010033,-0.35991698581753273,False,,,
571466,Tucker Barnhart,288,105,8,10,-1.311244299103162,-1.2086209153220653,-0.3815110125508072,41.38151101255081,41,-1.248804094383964,0.0761904761904762,0.09523809523809523,-0.3633438214769592,-0.15107761441525816,False,,,
683679,Jesus Rodriguez,791,309,16,22,-6.680947074522667,-6.210866083718287,-6.094502553355468,152.09450255335545,146,-2.1621187943439053,0.05177993527508091,0.07119741100323625,-1.9723309234160094,-0.7763582604647858,False,,,
682515,Logan Porter,345,138,9,12,-3.1939149934886224,-0.9911492678619299,-1.1260857627367542,65.12608576273675,64,-2.3144311547019,0.06521739130434782,0.08695652173913043,-0.8160041758961988,-0.12389365848274124,False,,,
686676,Korey Lee,771,272,22,28,-10.008849418697645,-3.056925600859741,-3.9983272668820145,111.99832726688201,108,-3.6797240509917812,0.08088235294117647,0.10294117647058823,-1.4699732598830935,-0.38211570010746765,False,,,
700250,Ben Rice,2046,765,71,96,-30.85383533031797,-3.439697632626989,-2.110514752834611,338.1105147528346,336,-4.033181088930454,0.09281045751633987,0.12549019607843137,-0.275884281416289,-0.4299622040783736,False,,,
666165,Blake Sabol,374,141,8,11,-5.861420393328675,-4.054491343941163,-4.148164471213677,70.14816447121368,66,-4.157035739949415,0.05673758865248227,0.07801418439716312,-2.9419606178820406,-0.5068114179926454,False,,,
681508,Mickey Gasper,2018,750,46,73,-33.648999296965,-14.461767449581668,-13.381526925447382,316.38152692544736,303,-4.4865332395953335,0.06133333333333333,0.09733333333333333,-1.784203590059651,-1.8077209311977085,False,,,
642020,Chuckie Robinson,532,191,9,18,-9.468088915438667,-4.204250286432637,-6.16342987587116,86.16342987587116,80,-4.957114615412915,0.04712041884816754,0.09424083769633508,-3.226926636581759,-0.5255312858040796,False,,,
605131,Austin Barnes,866,349,27,42,-18.455840388118506,3.9265900224727144,6.79184848234016,165.20815151765984,172,-5.288206414933669,0.07736389684813753,0.12034383954154727,1.9460883903553465,0.4908237528090893,False,,,
675448,Blake Hunt,72,29,3,4,-1.5964397007712925,-1.7619522723251921,-1.7276033038698144,17.727603303869813,16,-5.50496448541825,0.10344827586206896,0.13793103448275862,-5.957252771964877,-0.22024403404064902,False,,,
553882,Omar Narváez,252,83,5,9,-6.154160617543357,-3.002017580455811,-2.900375258986488,33.900375258986486,31,-7.41465134643778,0.060240963855421686,0.10843373493975904,-3.494428022875287,-0.37525219755697636,False,,,
543592,Austin Nola,790,328,19,39,-25.442149313633397,-16.0417553112947,-16.506535543090262,132.50653554309025,116,-7.7567528395223775,0.057926829268292686,0.11890243902439024,-5.032480348503129,-2.0052194139118376,False,,,
542963,Rob Brantly,187,69,3,7,-5.432237249379915,-3.651637218293229,-3.6454029802235124,39.64540298022351,36,-7.872807607796978,0.043478260869565216,0.10144927536231885,-5.283192724961612,-0.4564546522866536,False,,,
676566,Shawn Ross,74,37,1,4,-3.055873254381644,-3.8391321071525084,-3.866306700795997,15.866306700795997,12,-8.259116903734173,0.02702702702702703,0.10810810810810811,-10.449477569718912,-0.47989151339406355,False,,,
683079,Omar Martinez,104,36,1,3,-3.005670130012164,-3.279994564133352,-3.332234210410932,20.33223421041093,17,-8.349083694478233,0.027777777777777776,0.08333333333333333,-9.256206140030367,-0.409999320516669,False,,,
691620,Jeferson Quero,72,25,2,4,-2.222581418391907,-0.0013530979186426265,-0.003122433863655011,11.003122433863656,11,-8.890325673567627,0.08,0.16,-0.012489735454620045,-0.00016913723983032832,False,,,
595751,Jorge Alfaro,848,335,18,48,-38.217728216936486,-18.232445106934843,-15.279211515017984,143.27921151501798,128,-11.408277079682533,0.05373134328358209,0.14328358208955225,-4.560958661199399,-2.2790556383668554,False,,,
678011,Anthony Seigler,18,10,0,2,-2.4958086810287887,-1.693175798366447,-1.6950780069141367,4.6950780069141365,3,-24.958086810287888,0.0,0.2,-16.950780069141366,-0.21164697479580588,False,,,
667690,C.J. Stubbs,87,33,0,7,-9.597221575769224,-5.365865313488058,-5.428149180693787,11.428149180693786,6,-29.0824896235431,0.0,0.21212121212121213,-16.448936911193297,-0.6707331641860073,False,,,
