feature,gain,share
plate_z,2419508.0735292435,0.48517968547234835
plate_x,2229511.339797497,0.447079975650641
umpire,115238.6299674511,0.023108599162604316
strikes,70022.52448129654,0.014041493300024173
sz_top,59140.59563302994,0.01185935930605358
sz_bot,41783.11736536026,0.008378694811218073
pfx_z,15488.885234355927,0.00310595883044954
balls,10796.36880493164,0.002164976789426239
stand,10760.792481899261,0.0021578427321325452
pfx_x,9276.110743522644,0.0018601221224214242
p_throws,5302.454382419586,0.0010632918226807957
