num_leaves,learning_rate,n_estimators,min_child_samples,cv_log_loss,cv_log_loss_sd,train_log_loss,fit_seconds,rank
63.0,0.05,250.0,200.0,0.12970532101365007,0.00028375307787118506,0.0945010527625602,1.2468786239624023,1
63.0,0.05,250.0,50.0,0.12982861251310282,0.0003500538160980942,0.09204307294958614,1.1890312035878499,2
15.0,0.05,500.0,50.0,0.12983147268516257,0.0006909811793893529,0.10718835899941732,1.548510471979777,3
15.0,0.05,500.0,200.0,0.1299374699014114,0.0006486330400260355,0.10776341946618134,1.5553423563639324,4
15.0,0.1,250.0,200.0,0.12997169562249453,0.0006939360052110692,0.10821106612491793,0.7841819127400717,5
15.0,0.1,250.0,50.0,0.1301008923942518,0.000538208088035912,0.10768046624251569,0.7723013559977213,6
15.0,0.05,250.0,200.0,0.13035377862515699,0.000654119774683353,0.11696336239306486,0.8395829995473226,7
15.0,0.05,250.0,50.0,0.13038638010941442,0.0006119915330303418,0.1168612563176314,0.8363951841990153,8
15.0,0.1,500.0,50.0,0.13099026305101216,0.0004908163721724805,0.09428649326819794,1.38209867477417,9
15.0,0.1,500.0,200.0,0.13112881285725617,0.0007327197824973161,0.09542138714897015,1.4628980954488118,10
63.0,0.05,500.0,50.0,0.13137328556093178,0.0002451045631869337,0.06939743048536803,2.1454029083251953,11
63.0,0.05,500.0,200.0,0.13147933021790678,0.00023787580989032353,0.07269351673685143,2.307472546895345,12
63.0,0.1,250.0,50.0,0.13256473092164592,0.000292773153286119,0.07023987411671394,1.1347635587056477,13
63.0,0.1,250.0,200.0,0.1328675433743747,0.00023456954423072777,0.07345141305013325,1.1843891143798828,14
63.0,0.1,500.0,50.0,0.13774291029080088,0.000391119935937748,0.04256961931840134,2.1061991850535073,15
63.0,0.1,500.0,200.0,0.13873747180658821,0.0005167964865942346,0.04651621854448478,2.196688254674276,16
