n,strike_rate,p_strike,weight,distance
13319,0.9734214280351378,0.9718826820874323,1.9370460856108596,0.690625
14219,0.9542161896054575,0.9552225950131269,1.8123242503311454,0.731875
14999,0.9366624441629442,0.9343693386755321,1.6869847372760636,0.7731250000000001
15782,0.8983018628817641,0.9001375084030881,1.5621168422886402,0.8143750000000001
16047,0.8509378700068548,0.8514910930997469,1.4374651571261803,0.8556250000000001
16488,0.7880883066472586,0.7793456843208763,1.3116207833395792,0.8968750000000001
17543,0.6709798780140227,0.6701155296496915,1.1868443879129484,0.938125
17598,0.5667121263779975,0.548679688712742,1.062445374079166,0.979375
18482,0.34260361432745373,0.3695614282965469,1.0624632338786326,1.020625
19072,0.26981963087248323,0.27304209898164106,1.1875975257730147,1.0618750000000001
19421,0.1961279027856444,0.19454635700399692,1.312890645226021,1.103125
19235,0.13657395373017936,0.13527964659121425,1.4375352950304867,1.1443750000000001
19144,0.08232344337651483,0.08355437625135534,1.562139512259635,1.185625
19371,0.055650198750709826,0.05573479087606388,1.6875592231368657,1.2268750000000002
19120,0.02860878661087866,0.03157798325692334,1.812299163498417,1.268125
19137,0.01661702461200815,0.017907979142026336,1.9378070378040169,1.3093750000000002
