umpire,expected_strike_rate,vs_average,games
Rob Drake,0.4889440270618459,0.04133117220708382,34
Ron Kulpa,0.4889437554551975,0.04133090060043543,47
Mike Muchlinski,0.48571739969696665,0.038104544842204546,60
Doug Eddings,0.48422400743413657,0.03661115257937447,63
Ramon De Jesus,0.47554810745135145,0.027935252596589355,58
John Bacon,0.4752814784490449,0.027668623594282793,49
Gabe Morales,0.4743932228587786,0.026780368004016508,61
Bill Miller,0.47327477478321933,0.025661919928457233,61
Vic Carapazza,0.47231862367134875,0.02470576881658665,66
Brian O'Nora,0.46966958651948215,0.022056731664720053,44
Emil Jimenez,0.4688576547964883,0.021244799941726178,57
Dan Iassogna,0.46638975272606786,0.018776897871305764,59
Nick Mahrley,0.4640993314347772,0.01648647658001512,59
Paul Clemons,0.4619161988929745,0.014303344038212429,60
Chris Segal,0.4613095162703472,0.01369666141558512,56
Ben May,0.46095451653549624,0.01334166168073414,58
Jim Wolf,0.4606751870978196,0.013062332243057528,58
Marvin Hudson,0.460558960439895,0.012946105585132928,49
Jeremie Rehak,0.46018153231956005,0.01256867746479795,51
Mark Ripperger,0.45925468818298576,0.01164183332822366,63
Brian Walsh,0.4592310175112074,0.011618162656445274,60
David Rackley,0.4589520752798234,0.011339220425061303,58
Lance Barrett,0.45865310490919675,0.011040250054434653,63
Chad Fairchild,0.4576179168417055,0.010005061986943398,54
Laz Diaz,0.4559477680281052,0.008334913173343117,62
D.J. Reyburn,0.4558440920632516,0.008231237208489506,58
Mike Estabrook,0.45558341753594134,0.007970562681179238,59
Stu Scheurwater,0.4542613294924886,0.006648474637726498,61
Dan Merzel,0.4536548422504615,0.006041987395699389,57
Phil Cuzzi,0.4531563060945213,0.0055434512397591895,31
Quinn Wolcott,0.45295907779975614,0.005346222944994039,63
Sean Barber,0.45259085095665524,0.004977996101893145,60
Hunter Wendelstedt,0.451941913565728,0.004329058710965894,33
Ryan Additon,0.45184745029958756,0.004234595444825462,58
Jacob Metz,0.45183260559786576,0.004219750743103656,40
Chris Conroy,0.4515369072567733,0.003924052402011213,55
Adrian Johnson,0.4507702538782661,0.0031573990235039817,54
Nestor Ceja,0.4507371673842029,0.003124312529440787,61
Tripp Gibson,0.4505844182511987,0.002971563396436616,57
Edwin Jimenez,0.4504005576505988,0.0027877027958366773,44
Alex MacKay,0.4500859475331502,0.002473092678388078,56
John Tumpane,0.44907055727369427,0.001457702418932172,58
Malachi Moore,0.4488956126815825,0.0012827578268204132,61
Manny Gonzalez,0.4487555660160392,0.0011427111612771212,53
Cory Blaser,0.44842750092078165,0.0008146460660195531,57
Ryan Wills,0.4479997253172576,0.0003868704624955255,58
Austin Jones,0.44788977133043933,0.00027691647567723576,50
Jordan Baker,0.44763876091316995,2.5906058407854093e-05,59
Dan Bellino,0.4462950027549978,-0.0013178520997643162,61
Ryan Blakney,0.4462049410238273,-0.0014079138309348038,54
Bruce Dreckman,0.44523900554449136,-0.002373849310270737,52
Adam Hamari,0.44475537295140866,-0.0028574819033534427,63
Alex Tosi,0.44362402244023585,-0.003988832414526244,60
Will Little,0.44253747268736304,-0.005075382167399056,60
Chad Whitson,0.4417348631287685,-0.005877991725993625,46
CB Bucknor,0.44086444928451385,-0.00674840557024825,30
Roberto Ortiz,0.44040368676882663,-0.007209168085935469,57
Adam Beck,0.4402736224682805,-0.007339232386481598,60
Andy Fletcher,0.43982767355304775,-0.00778518130171435,53
Shane Livensparger,0.4382171997664089,-0.009395655088353216,57
Brock Ballou,0.4375782089302309,-0.010034645924531183,46
Nate Tomlinson,0.43630840265942644,-0.011304452195335657,58
Tom Hanahan,0.43543125734589505,-0.012181597508867048,57
Erich Bacchus,0.43489620311077726,-0.012716651743984841,59
Jansen Visconti,0.43452610776080347,-0.013086747093958628,59
Alan Porter,0.4344481704156704,-0.01316468443909169,60
Brennan Miller,0.43349415795100976,-0.014118696903752337,61
Clint Vondrak,0.43312856487570034,-0.01448428997906176,60
Todd Tichenor,0.4309617261796988,-0.016651128675063298,60
Mark Wegner,0.43088650520645905,-0.01672634964830305,60
Alfonso Márquez,0.42867970658191007,-0.01893314827285203,59
Tyler Jones,0.42848469401294614,-0.019128160841815955,29
Scott Barry,0.42840428310609324,-0.019208571748668857,56
Edwin Moscoso,0.4280236967512368,-0.019589158103525295,61
Nic Lentz,0.4274945556853605,-0.02011829916940161,64
James Hoye,0.4264532454442593,-0.021159609410502822,59
Junior Valentine,0.42519312353369926,-0.02241973132106284,48
Carlos Torres,0.4246703697465882,-0.02294248510817387,59
Charlie Ramos,0.424044836452412,-0.02356801840235012,52
Chris Guccione,0.42401134283266784,-0.023601512022094262,58
John Libka,0.4218083908570627,-0.025804463997699423,61
Derek Thomas,0.41795793024911293,-0.02965492460564917,47
James Jean,0.4149708395550413,-0.03264201529972077,50
Lance Barksdale,0.4137936513309871,-0.03381920352377499,61
Willie Traynor,0.4056459413727686,-0.041966913481993495,47
